Cement,Water,Coarse aggregate,Fine aggregate,FA,SF,GGBFS,SP,CS (MPa)
300,150,1097,673,200,0,0,4.5,52.7
225,150,1097,673,275,0,0,4.5,39.95
150,150,1097,673,350,0,0,4,35.7
300,150,1097,673,0,0,200,5.5,59.5
225,150,1097,673,0,0,275,6,51
150,150,1097,673,0,0,350,6.5,48.45
225,150,1097,673,200,0,75,5,48.45
225,150,1097,673,75,0,200,5,55.25
166,168,820,932,249,0,0,1.69,34.1
83,168,820,932,332,0,0,1.69,40
41.5,168,820,932,373.5,0,0,1.69,10.9
166,168,820,932,0,0,249,1.69,52.3
83,168,820,932,0,0,332,1.69,57.6
41.5,168,820,932,0,0,373.5,1.69,37.9
166,168,820,932,62.25,0,186.75,1.69,54.2
83,168,820,932,83,0,249,1.69,63
41.5,168,820,932,93.375,0,280.125,1.69,47.2
166,168,820,932,124.5,0,124.5,1.69,56
83,168,820,932,166,0,166,1.69,41.4
41.5,168,820,932,186.75,0,186.75,1.69,33
166,168,820,932,186.75,0,62.25,1.69,49
83,168,820,932,249,0,83,1.69,28
41.5,168,820,932,280.125,0,93.375,1.69,32
260,206.7,849.4,785,260,0,0,5.72,15.33
260,206.7,849.4,785,130,0,130,5.43,28.48
260,206.7,849.4,785,104,52,104,6.76,34.26
130,206.7,849.4,785,390,0,0,5.94,6.09
130,206.7,849.4,785,195,0,195,4.68,16.71
130,206.7,849.4,785,156,78,156,6.8,30.21
260,214.9,832,785,260,0,0,4.78,17.85
260,214.9,832,785,130,0,130,5.67,32.62
260,214.9,832,785,104,52,104,6.86,42.02
130,214.9,832,785,390,0,0,7.4,11.59
130,214.9,832,785,195,0,195,7.28,26.21
130,214.9,832,785,156,78,156,7.57,36.34
290,163,1048,670,72.5,0,0,0,37.5
290,163,1048,670,72.5,0,0,0,36
290,163,1048,670,72.5,0,0,0,27
290,163,1048,670,72.5,0,0,0,28
290,163,1048,670,72.5,0,0,0,37
290,163,1048,670,72.5,0,0,0,36
290,163,1048,670,72.5,0,0,0,30
253.75,163,1048,670,108.75,0,0,0,43
253.75,163,1048,670,108.75,0,0,0,35.5
253.75,163,1048,670,108.75,0,0,0,34.5
253.75,163,1048,670,108.75,0,0,0,35.4
253.75,163,1048,670,108.75,0,0,0,44.5
253.75,163,1048,670,108.75,0,0,0,40
253.75,163,1048,670,108.75,0,0,0,38
235.62,163,1048,670,0,0,126.88,0,43
235.62,163,1048,670,0,0,126.88,0,38.5
235.62,163,1048,670,0,0,126.88,0,44.5
235.62,163,1048,670,0,0,126.88,0,39.5
253.75,163,1048,670,90.62,18.12,0,0,40.7
253.75,163,1048,670,90.62,18.12,0,0,31
253.75,163,1048,670,90.62,18.12,0,0,37
253.75,163,1048,670,90.62,18.12,0,0,35
368.53,260.14,810,795,50.77,0,0,0,23.72
325.18,260.14,810,795,84.62,0,0,0,18.02
281.82,260.14,810,795,118.46,0,0,0,15.3
411.89,260.14,810,795,0,16.08,0,0,34.77
390.21,260.14,810,795,0,32.17,0,0,36.81
368.53,260.14,810,795,0,48.25,0,0,39.78
436.5,200,778,880,0,18,0,6.7,53.7
418.5,200,774,875,0,36,0,7.5,64
400,200,771,870,0,54.5,0,8,64
337,200,774,874,0,36,81.5,6.7,66.5
373,200,778,878,81.5,0,0,5.82,50.1
291,200,773,872,163.5,0,0,6.35,56.5
209.5,200,772,871,163.5,0,81.5,5.5,50
373,200,772,872,81.5,0,0,4.67,41
291,200,762,859,163.5,0,0,4.36,37.6
209.5,200,761,858,163.5,0,81.5,4.31,35.8
373,200,781,881,0,0,81.5,5.35,54.6
255.5,200,769,868,81.5,36,81.5,7,56.8
228,182,1100,770,0,0,228,0,43
228,182,1100,770,0,23,228,1.82,46
228,182,1100,770,0,46,182,2.58,49.5
228,182,1100,770,0,68,159,2.8,58
674.4,187.4,1058.8,453.3,75,0,0,3.4,64
594.4,185.8,1049.4,449.3,148.6,0,0,3,65
515.7,184.2,1040.5,445.5,221,0,0,2.3,62
438.2,182.6,1031.4,441.6,292.1,0,0,2,58
362,181,1022.4,437.7,362,0,0,1.8,44
440,198,797.5,962.5,0,110,0,8.25,45.1
385,198,797.5,962.5,55,110,0,8.25,46.5
470,175,1203,647,0,30,0,9.78,55.25
450,175,1203,647,0,50,0,11.71,57.38
425,175,1203,647,0,75,0,13.34,59.5
426,153,1169,630,0,22,0,2.2,51
449,142,1155,622,0,50,0,5,68
468,132,1136,612,0,83,0,8.3,85
478,121,1119,603,0,120,0,12,102
475,135,1050,725,0,25,0,43,75.225
450,135,1050,715,0,50,0,43,81.175
425,135,1050,715,0,75,0,43,85.85
475,150,1050,685,0,25,0,19,77.35
450,150,1050,680,0,50,0,19,80.75
425,150,1050,680,0,75,0,19,83.725
475,165,1050,690,0,25,0,12,70.55
450,165,1050,685,0,50,0,12,76.075
425,165,1050,680,0,75,0,12,75.225
441,164,1115,653,0,28,0,2.9,73.9
465,149,1168,615,0,30,0,3.1,80.3
450,149,1168,615,0,45,0,3.7,84.2
494,135.2,1146,667,0,26,0,18.2,79.05
468,135.2,1146,667,0,52,0,18.2,79.22
442,135.2,1146,667,0,78,0,18.2,80.92
416,135.2,1146,667,0,104,0,18.2,79.9
390,135.2,1146,667,0,130,0,18.2,74.8
484.5,153,1122.5,653,0,25.5,0,17.85,63.75
459,153,1122.5,653,0,51,0,17.85,67.15
433.5,153,1122.5,653,0,76.5,0,17.85,71.99
408,153,1122.5,653,0,102,0,17.85,74.38
382.5,153,1122.5,653,0,127.5,0,17.85,71.66
475,170,1100,640,0,25,0,17.5,55.08
450,170,1100,640,0,50,0,17.5,61.2
425,170,1100,640,0,75,0,17.5,64.01
400,170,1100,640,0,100,0,17.5,68.85
375,170,1100,640,0,125,0,17.5,66.98
465.5,186.2,1078,628,0,24.5,0,17.15,51
441,186.2,1078,628,0,49,0,17.15,56.1
416.5,186.2,1078,628,0,73.5,0,17.15,57.375
392,186.2,1078,628,0,98,0,17.15,58.65
367.5,186.2,1078,628,0,122.5,0,17.15,60.95
343,186.2,1078,628,0,147,0,17.15,57.8
456,201.6,1058,616,0,24,0,16.8,42.67
432,201.6,1058,616,0,48,0,16.8,48.88
408,201.6,1058,616,0,72,0,16.8,51
384,201.6,1058,616,0,96,0,16.8,53.13
360,201.6,1058,616,0,120,0,16.8,54.23
336,201.6,1058,616,0,144,0,16.8,44.03
720,231,710,730,0,80,0,33,92.91
640,252,710,730,0,160,0,33,86.11
560,273,710,730,0,240,0,33,83.05
720,197,710,730,80,0,0,34,90.61
640,185,710,730,160,0,0,32,102.68
560,172,710,730,240,0,0,30,106.51
275,176,504,900,275,0,0,5.5,25.5
160.7,162.1,1090,804,127.4,0,0,7.8,27.41
212.1,184.2,1057.6,779.3,125.6,0,0,5.7,21.81
165,163.8,1005.6,900.9,124.8,0,0,0,26.11
190.3,165.3,1079,798.9,124.8,0,0,9.9,26.67
250,192.8,948.9,857.2,124.8,0,0,5.3,28.21
213.5,159.2,1043.6,771.9,124.8,0,0,11.7,44.61
194.7,171.5,998,901.8,124.8,0,0,7.5,39.27
251.4,192.9,1043.6,754.3,124.8,0,0,5.8,36.99
310,189.9,936.2,712.2,124.8,0,0,0,40.94
307,193.5,968,799.5,124.8,0,0,0,29.33
290,192.2,936,755,124.8,0,0,0,46.29
295,185.3,1069,769.4,124.8,0,0,0,27.19
238,185.2,1118,789,124.8,0,0,0,16.84
302,202.7,974,817,124.8,0,0,0,26.11
312.5,182.4,1040,734,124.6,0,0,0,40.08
220.9,142.5,896,896,124.8,0,0,0,72.11
144,158.2,943,844,124.8,0,0,18,17.42
148,158.4,1002,830,124.8,0,0,16,19.95
326,199.1,801,792,124.6,0,0,11,39.78
290,220.5,898,713,124.8,0,0,11,9.59
299.8,211.5,878.2,727.6,124.8,0,0,9.9,25.81
148.1,159.2,1001.8,830.1,124.6,0,0,16.1,18.98
326.5,193.3,801.1,792.5,124.8,0,0,10.8,35.61
276.4,217.4,897.7,712.9,124.8,0,0,11,9.55
150.7,164.6,1074.5,687,124.8,0,0,15.6,15.44
190.8,185.1,979.5,811,124.8,0,0,11.1,15.21
190.9,168.2,991.2,784,124.8,0,0,11.6,18.66
188.7,182.4,1023.3,732,124.8,0,0,11.7,20.01
298.1,189.4,879,815,124.6,0,0,6.1,41.64
318.9,212.7,860.5,725,124.8,0,0,5.7,36.09
355.9,196.3,801.4,769,124.5,0,0,11,36.27
199.8,185.4,849.3,856.5,124.8,0,0,12.6,18.01
278.7,170.3,925.3,782,124.8,0,0,10.1,41.16
425,140,1041,740,50,25,0,2.5,61.97
350,140,948,790,100,50,0,3,65.28
275,140,887,870,150,75,0,3,62.14
400,160,999,710,100,0,0,2,52.28
325,160,1101,660,150,25,0,2,50.92
450,160,876,860,0,50,0,2,60.86
375,160,948,790,50,75,0,2.25,61.37
350,180,937,790,150,0,0,1,45.31
375,180,876,860,100,25,0,1,55.42
400,180,1090,660,50,50,0,1,54.4
425,180,999,710,0,75,0,1.25,55.51
450,200,846,830,50,0,0,0.75,42.59
475,200,937,780,0,25,0,0.75,45.47
300,200,988,710,150,50,0,0.75,40.46
325,200,1050,630,100,75,0,1,40.89
155,194,880,699,143,0,184,9,28.99
151.8,167.5,944,694.6,138.7,0,178.1,18.3,36.35
167,185,898,636,195,0,187,7,23.89
132,179,867,736,161,0,207,5,33.3
255,189,919,749,77,0,99,6,33.8
178,179.9,1007.3,746.8,118.6,0,129.8,3.6,39.16
167,164,1007.3,770.1,167,0,75.4,7.9,41.41
149,183,953,780,92,0,118,7,23.52
309.9,167.8,913.9,651.2,111.2,0,142.8,22.1,38.22
237,247,853,695,71,0,92,6,28.63
252,194,835,821,76,0,97,8,33.4
397,167,967,633,158,0,17.2,20.8,55.65
158.6,175.1,953.3,719.7,116,0,148.9,15,27.68
160,182,824,879,122,0,128,6.4,39.4
387,157,938,845,94,0,20,13.9,46.68
162,202,820,680,164,0,214,10,30.65
262,195,895,733,86,0,111,5,33.72
218.2,140.8,1075.7,792.7,123.8,0,54.6,11.9,55.51
387,157,938,845,94,0,20,11.6,46.68
160,203,829,710,146,0,188,11,32.84
252.1,193.8,835.5,821.4,75.6,0,97.1,8.3,33.4
446,162,967,712,79,0,24,11.6,44.42
446,162,967,712,79,0,24,11.6,57.03
276,180,870,768,90,0,116,9,44.28
359,154,942,801,141,0,19,10.9,59.49
159,201,848,669,161,0,209,7,30.88
136.4,171.6,922.6,764.4,125.8,0,161.6,10.4,29.07
184,213,923,623,190,0,86,6,22.93
136,199,847,783,98,0,196,6,26.97
144,192,814,805,133,0,170,8,29.87
149,192,935,623,194,0,153,8,24.58
213.8,181.7,1066,785.5,24.5,0,98.1,6.7,40.23
259.9,170.6,935.7,762.9,78.4,0,100.6,10.4,49.77
236.9,246.9,852.9,695.4,71.5,0,91.7,6,28.63
162,178.8,838.1,741.4,148.1,0,190.1,18.8,33.76
277,190.6,946.5,665.6,91,0,116.8,7,43.58
143,191,967,643,143,0,169,8,29.72
153,178,867,824,113,0,145,8,26.23
491,210,882,699,123,0,26,3.9,55.55
143.7,191.6,814.1,805.3,132.6,0,170.2,8.5,29.87
298,201,878,655,107,0,137,6,53.52
173.8,172.3,1007.2,746.6,159.9,0,93.4,9.7,37.81
136,172,923,764,126,0,162,10,29.07
149,193,892,780,109,0,139,6,23.69
172.4,156.8,1006.3,856.4,172.4,0,13.6,4.1,33.69
266,178,910,745,87,0,112,10,39.42
297.8,201.3,878.4,655.3,106.9,0,137.2,6,53.52
168,121.8,1058.7,780.1,163.8,0,42.1,5.7,24.24
446,162,967,712,79,0,24,10.3,53.39
277,191,946,666,91,0,117,7,43.57
155.2,193.8,879.6,698.5,143.2,0,183.9,9.2,28.99
334,189,967,633,158,0,17.6,15.3,44.33
261.9,195.4,895.2,732.6,86.1,0,110.5,5,33.72
264.5,195.5,832.6,790.4,86.5,0,111,5.9,41.54
162,216,822,638,172,0,207,10,39.84
275,162,830,765,120,0,180,10.4,76.24
280,172,825,805,100,0,129,9,52.82
310,168,914,651,111,0,143,22,33.69
446,162,967,712,79,0,24,11.6,51.02
261,201,864,761,78,0,100,9,32.4
145,184,833,880,119,0,116,5.7,29.16
424,168,822,750,132,0,22,8.9,72.1
284,179,842,801,141,0,15,5.5,43.73
260,171,936,763,78,0,101,10,49.77
153.1,178.5,1001.9,688.7,113,0,145,8,25.56
144,178,941,774,106,0,136,7,26.14
355,145,967,871,97,0,19,13.1,44.03
157,200,819,704,152,0,214,9,33.05
260.9,200.6,864.5,761.5,78.3,0,100.5,8.6,32.4
149,182.9,953.4,780.3,91.7,0,117.6,7.1,23.52
255.3,188.6,919,749.3,77,0,98.8,6.5,33.8
266.2,177.9,909.7,744.5,87.5,0,112.3,10.4,39.42
152,168,944,695,139,0,178,18,36.35
160.2,203.2,828.7,709.7,146.4,0,188,11.3,35.31
156,221,854,614,187,0,178,7,29.41
143.8,178.1,941.5,774.3,106.2,0,136.3,7.5,26.15
139.9,200.3,916,753.4,103.3,0,132.6,7.4,36.44
287.3,187.6,904.4,695.9,93.9,0,120.5,9.2,43.8
214.9,155.6,1014.3,780.6,121.9,0,53.8,9.6,52.2
140,237,869,656,128,0,164,6,35.23
333,167,996,652,163,0,17.5,17.9,47.28
135,196,965,643,193,0,105,6,21.91
146.5,201.9,860,829.5,89.3,0,114.6,8.8,19.99
168.9,158.3,1080.8,796.2,124.3,0,42.2,10.8,31.12
314,178.9,869.1,690.2,113.2,0,145.3,8,46.23
173.5,164.8,1006.2,793.5,173.5,0,50.1,6.5,38.2
148.5,192.7,892.4,780,108.6,0,139.4,6.1,23.7
272.8,209.7,904,679.7,81.8,0,105.1,9,37.17
165,175.1,1005.8,746.6,132.1,0,128.5,8.1,46.39
182,170.2,1059.4,780.7,122,0,45.2,8.2,31.27
154,228,845,612,185,0,174,7,24.34
250,159,860,800,95,0,180,9.5,67.87
139.7,236.7,868.6,655.6,127.7,0,163.9,5.8,35.23
132,178.9,866.9,735.6,160.9,0,206.5,5.5,33.31
162,179,838,741,148,0,190,19,33.76
153,178,1002,689,113,0,145,8,25.56
273,210,904,680,82,0,105,9,37.17
279.8,172.4,825.1,804.9,100.4,0,128.9,9.5,52.83
265,195,833,790,86,0,111,6,41.54
141.9,173.5,882.6,785.3,129.7,0,166.6,10.9,44.61
491,201,822,699,123,0,26,3.9,57.92
314,179,869,690,113,0,145,8,46.23
424,178,822,750,132,0,22,8.5,62.05
159,175,953,720,116,0,149,15,27.68
144,176,1021,709,195,0,15,6,15.34
355,145,967,871,97,0,19,12.3,55.45
153.6,220.1,923.2,657.9,112.3,0,144.2,10.1,16.5
143,190.7,967.4,643.5,142.7,0,169.4,8.4,29.73
142,174,883,785,130,0,167,11,44.61
277.2,160.7,1061.7,782.5,24.5,0,97.8,11.2,63.14
287,188,904,696,94,0,121,9,41.94
202,206,942,801,141,0,11,1.7,21.97
154,220,923,658,112,0,144,10,16.5
164,197,961,641,128,0,163,8,27.23
167.4,175.5,1006.3,746.6,128.6,0,129.9,7.8,41.2
387,157,938,845,94,0,20,14.3,50.24
213.7,181.7,1065.8,785.4,24.5,0,98.1,6.9,45.71
359,154,942,801,141,0,19,10.9,62.94
153.1,178.5,867.2,824,113,0,145,8,26.23
140,200,916,753,103,0,133,7,36.44
147,202,860,829,89,0,115,9,19.99
276.4,179.6,870.1,768.3,90.3,0,116,8.9,44.28
522.5,172.36,722,970,0,27.5,0,8.25,49.49
440,181.5,722,970,82.5,27.5,0,3.3,47.26
385,181.5,722,970,137.5,27.5,0,1.65,45.65
330,181.5,722,970,192.5,27.5,0,1.21,38.34
450,191,590,1063,50,0,0,2.1,39.95
400,191,584,1052,100,0,0,2,38.34
350,191,578,1040,150,0,0,1.9,36.29
300,191,571,1029,200,0,0,1.83,30.26
250,191,565,1017,250,0,0,1.25,27.62
450,191,595,1072,0,0,50,2.25,38.25
400,191,594,1069,0,0,100,2.1,38.335
350,191,592,1066,0,0,150,2,38.505
300,191,590,1063,0,0,200,1.95,33.745
250,191,580,1069,0,0,250,1.9,32.3
540,235.6,720,780,80,0,0,3.03,51.85
496,235.6,720,780,124,0,0,4,46.22
434,235.6,720,780,186,0,0,4,44.71
372,235.6,720,780,248,0,0,3.77,38.04
310,235.6,720,780,310,0,0,3.35,32.4
465,235.6,720,780,155,0,0,2.77,50.13
434,235.6,720,780,155,31,0,2.73,55.11
403,235.6,720,780,155,62,0,2.83,63.37
372,235.6,720,780,155,93,0,4.1,58.72
480,220,699,819,96,0,0,10.1,45.05
490,186,683,838,98,49,0,11.6,63.75
300,180,595,958,300,0,0,1.5,56.44
240,180,595,933,360,0,0,1.02,49.3
180,180,595,908,420,0,0,0.72,38.76
570,180,595,1072,0,30,0,7.98,81.18
540,180,595,1059,0,60,0,8.58,85.43
300,180,595,958,270,30,0,2.22,63.92
240,180,595,933,330,30,0,1.8,53.89
180,180,595,908,390,30,0,1.2,44.79
300,180,595,958,240,60,0,3.6,72.42
240,180,595,933,300,60,0,2.88,62.56
180,180,595,908,360,60,0,2.28,52.02
257,180,621,1023,257,0,0,1.3364,50.32
206,180,621,1001,309,0,0,0.9766,44.71
154,180,621,980,360,0,0,0.6682,33.83
489,180,621,1120,0,26,0,8.224,72.51
463,180,621,1110,0,51,0,8.995,77.86
257,180,621,1023,231,26,0,2.056,58.14
206,180,621,1001,283,26,0,1.6448,48.79
154,180,621,980,334,26,0,1.1308,39.01
257,180,621,1023,206,51,0,3.1868,64.09
206,180,621,1001,257,51,0,2.57,54.99
154,180,621,980,309,51,0,2.056,43.43
225,180,640,1072,225,0,0,1.17,35.62
180,180,640,1053,270,0,0,0.945,30.35
135,180,640,1034,315,0,0,0.585,26.95
428,180,640,1157,0,23,0,8.55,64.01
405,180,640,1147,0,45,0,9.45,67.15
225,180,640,1072,203,23,0,1.935,43.78
180,180,640,1053,248,23,0,1.53,33.32
135,180,640,1034,293,23,0,1.26,23.97
225,180,640,1072,180,45,0,2.88,51.26
180,180,640,1053,225,45,0,2.34,41.74
135,180,640,1034,270,45,0,2.07,28.14
475,175,687,958,0,25,0,8,67.15
450,175,685,954,0,50,0,9,69.7
425,175,681,948,0,75,0,10,74.8
375,175,673,938,125,0,0,7.5,51.85
300,175,663,923,200,0,0,7.5,46.75
225,175,652,908,275,0,0,7.5,35.7
465,227.7,590,910,85,0,0,10.73,29.91
440,228.6,590,910,110,0,0,11.01,28.18
415,233.3,590,910,135,0,0,9.91,26.75
385,234.4,590,910,165,0,0,9.91,26.06
355,241.6,590,910,195,0,0,9.91,25.18
440,176,917,714,110,0,0,7.43,59.33
330,176,899,700,220,0,0,7.43,51.76
220,176,881,686,330,0,0,6.67,40.37
440,176,931,725,0,0,110,10.43,63.83
330,176,928,722,0,0,220,10,68.08
220,176,924,720,0,0,330,8.89,66.38
522.5,176,930,724,0,27.5,0,9.56,68.34
495,176,925,720,0,55,0,10.67,72.84
467.5,176,920,716,0,82.5,0,12,71.74
440,176,916,713,82.5,27.5,0,8.22,67.32
330,176,898,699,165,55,0,9.11,57.12
220,176,880,685,247.5,82.5,0,8.89,51
440,176,927,721,0,27.5,82.5,9.78,67.66
330,176,920,716,0,55,165,10.78,74.46
220,176,912,710,0,82.5,247.5,10.22,71.82
440,176,924,720,55,0,55,8,65.45
330,176,913,711,110,0,110,7.5,52.95
220,176,903,703,165,0,165,4.44,58.99
440,176,924,720,41.25,27.5,41.25,8,66.81
330,176,913,711,82.5,55,82.5,7,61.79
360,198,855,813,90,0,0,3.2,44.28
270,198,842,801,180,0,0,2.96,37.99
180,198,829,788,270,0,0,3,25.75
360,198,866,823,0,0,90,3.7,50.15
270,198,863,821,0,0,180,3.44,49.3
180,198,860,819,0,0,270,2.8,47.77
427.5,198,865,823,0,22.5,0,4.88,51.95
405,198,861,819,0,45,0,5.2,49.72
382.5,198,858,816,0,67.5,0,7.76,60.43
360,198,855,813,67.5,22.5,0,4.24,52.27
270,198,841,801,135,45,0,4.52,39.86
180,198,828,788,202.5,67.5,0,4.82,31.79
360,198,863,820,0,22.5,67,4,51.08
270,198,857,816,0,45,135,4.56,49.55
180,198,852,810,0,67.5,202.5,5.76,48.96
360,198,860,819,45,0,45,3.2,53.04
270,198,852,811,90,0,90,3.2,45.56
180,198,845,803,135,0,135,2.8,39.01
360,198,859,817,33.75,22.5,33.75,4.2,51.51
270,198,849,808,67.5,45,67.5,4.24,46.49
180,198,840,799,101.25,67.5,101.25,5.04,37.57
360,198,855,813,90,0,0,3.2,68
270,198,842,801,180,0,0,2.9,60.3
180,198,829,788,270,0,0,3,42.5
360,198,866,824,0,0,90,3.7,72.6
270,198,863,821,0,0,180,3.4,74.9
180,198,861,819,0,0,270,2.8,65.7
428,198,865,823,0,22.5,0,4.9,71.2
405,198,861,819,0,45,0,5.2,76.1
383,198,858,816,0,67.5,0,7.8,74.8
360,198,855,813,67.5,22.5,0,4.2,67.2
270,198,841,801,135,45,0,4.5,57.6
180,198,828,788,202.5,67.5,0,4.8,44.9
360,198,863,821,0,22.5,67.5,4,68
270,198,857,816,0,45,135,4.6,68.2
180,198,852,810,0,67.5,202.5,5.8,70.7
360,198,861,819,45,0,45,3.2,78
270,198,853,811,90,0,90,3.2,69.2
180,198,845,803,135,0,135,2.8,60.6
360,198,859,817,33.8,22.5,33.8,4.2,76
270,198,849,808,67.5,45,67.5,4.2,66.8
180,198,840,799,101.3,67.5,101.3,5,55.2
420,165,746,847,180,0,0,13.02,53.5
360,165,735,837,240,0,0,19.98,49
300,165,723,825,300,0,0,20.4,34.5
240,165,712,815,360,0,0,22.02,28.4
360,165,734,835,180,60,0,22.02,79.5
300,165,723,825,240,60,0,21,66
240,165,712,813,300,60,0,19.98,59
180,165,701,804,360,60,0,18,53.5
340,153.34,1110,680,34,0,0,2.04,51.7
400,158.4,1055,647,40,0,0,1.12,59.03
420,168,1082,663,0,21,0,4.2,61.18
420,151.2,1102,675,0,0,42,3.36,61.78
440,135.52,1107,678,0,44,0,3.52,68.73
450,129.6,1002,614,0,0,90,3.6,70.96
445,144.62,944,578,0,44.5,89,7.12,74.37
440,137.28,1028,630,44,44,0,7.92,74.1
324,180,945,791,36,0,0,0,32.6
288,180,945,778,72,0,0,0,32.6
252,180,945,764,108,0,0,0,30
324,180,945,802,0,0,36,0,36.8
288,180,945,799,0,0,72,0,40
252,180,945,797,0,0,108,0,40.1
175,210,952,883,0,0,175,0,43.605
176,211,940,872,176,0,0,0,29.07
176,211,951,881,88,0,88,0,36.465
222,168,945,876,0,0,222,4.5,76.415
221,167,921,855,221,0,0,3.4,61.88
222,168,933,865,111,0,111,4.7,70.635
231,119,1047,852,156,0,0,3.2,55.3
195,120,1041,854,199,0,0,2.7,44
156,121,1026,834,241,0,0,2.3,43.7
229,115,1040,827,154,0,0,2.8,44.6
193,114,1032,836,197,0,0,2.6,36.8
155,116,1016,842,237,0,0,2.1,28.6
229,113,1032,844,254,0,0,2.1,46.3
193,116,1126,850,196,0,0,1.9,42.2
154,117,1016,818,261,0,0,1.9,40
120,112,1200,600,280,0,0,5.6,28.26
120,116,1200,600,280,0,0,0,25.97
200,132,1200,600,200,0,0,5.6,48.45
200,120,1200,600,200,0,0,0,56.57
120,112,1200,600,280,0,0,5.6,36.63
120,116,1200,600,280,0,0,0,28.98
200,132,1200,600,200,0,0,5.6,53.97
200,120,1200,600,200,0,0,0,59.75
120,172,1200,600,280,0,0,5.6,16.44
120,160,1200,600,280,0,0,0,19.5
200,172,1200,600,200,0,0,5.6,34.98
200,156,1200,600,200,0,0,0,41.26
320,160,1270,564,80,0,0,0,32.04
280,160,1270,554,120,0,0,0,29.75
240,160,1270,543,160,0,0,0,29.07
200,160,1270,533,200,0,0,0,24.65
160,160,1270,522,240,0,0,0,23.8
320,136,1270,628,80,0,0,2,44.54
280,136,1270,618,120,0,0,2,48.96
240,136,1270,607,160,0,0,2,38.25
200,136,1270,596,200,0,0,2,31.45
160,136,1270,586,240,0,0,2,28.05
320,120,1270,671,80,0,0,2,56.1
280,120,1270,660,120,0,0,2,55.25
240,120,1270,650,160,0,0,2,54.4
200,120,1270,639,200,0,0,2,44.2
160,120,1270,628,240,0,0,2,38.25
423,159.8,1056,704,47,0,0,0,46.32
376,159.8,1056,704,94,0,0,0,45.73
329,159.8,1056,704,141,0,0,0,45.31
282,159.8,1056,704,188,0,0,0,44.7
414,140.76,1056,704,0,0,56,0,48.45
376,127.84,1056,704,0,0,94,0,49.89
282,140.76,1056,704,132,0,56,0,46.15
282,127.84,1056,704,94,0,94,0,47.68
429,140,1024,844,0,9,0,9.636,61.63
382,140,1048,864,0,8,0,8.58,59.32
362,140,1058,872,0,8,0,8.14,58.4
343,140,1067,880,0,7,0,7.7,57.69
420,140,1021,842,0,18,0,9.636,62.03
374,140,1045,862,0,16,0,8.58,59.68
355,140,1055,870,0,15,0,8.14,58.77
336,140,1065,878,0,14,0,7.7,58.19
411,140,1018,839,0,27,0,9.636,62.34
366,140,1042,860,0,24,0,8.58,59.9
347,140,1053,868,0,23,0,8.14,59
329,140,1062,876,0,21,0,7.7,58.63
403,140,1015,837,0,35,0,9.636,62.43
358,140,1040,858,0,32,0,8.58,60.03
340,140,1050,866,0,30,0,8.14,59.08
322,140,1060,874,0,28,0,7.7,58.7
394,140,1012,834,0,44,0,9.636,62.54
351,140,1037,855,0,39,0,8.58,60.09
333,140,1048,864,0,37,0,8.14,59.14
315,140,1058,872,0,35,0,7.7,58.79
383,159.81,1049,865,0,60.91666667,0,9.766166667,66.912
375,159.77,1046,863,0,68.80555556,0,9.763722222,67.1585
367,159.71,1043,860,0,76.63888889,0,9.760055556,67.49
360,159.67,1041,858,0,83.52777778,0,9.757611111,65.348
437,204,785,908,51,26,0,10.28,34.85
424,204,785,908,51,39,0,10.28,35.7
411,204,785,908,51,51,0,10.26,35.96
411,204,785,908,77,26,0,10.28,34.51
398,204,785,908,77,39,0,10.28,35.7
386,204,785,908,77,51,0,10.28,36.13
386,204,785,908,103,26,0,10.3,36.04
373,204,785,908,103,39,0,10.3,36.21
360,204,785,908,103,51,0,10.28,38.08
360,204,785,908,129,26,0,10.3,35
347,204,785,908,129,39,0,10.3,34.09
334,204,785,908,129,51,0,10.28,32.3
334,204,785,908,154,26,0,10.28,29.75
321,204,785,908,154,39,0,10.28,27.2
308,204,785,908,154,51,0,10.26,25.59
250,125,1083.4,722.3,250,0,0,11,54.4
250,125,1093,728.7,125,0,125,11,51.17
250,125,1088.2,725.4,100,50,100,11,56.69
125,125,1060.8,707.2,375,0,0,11,43.77
125,125,1075.2,716.8,187.5,0,187.5,11,46.66
125,125,1068,712,150,75,150,11,51.51
635,247,565,847,0,71,0,2.54,62.9
635,247,565,847,0,71,0,2.54,62.22
635,247,565,847,0,71,0,2.54,60.35
635,247,565,847,0,71,0,2.54,56.1
635,247,565,847,0,71,0,2.54,55
484.5,153,1122.5,653,25.5,0,0,15.3,47.17
459,153,1122.5,653,51,0,0,15.3,47.17
433.5,153,1122.5,653,76.5,0,0,15.3,46.75
408,153,1122.5,653,102,0,0,15.3,44.79
382.5,153,1122.5,653,127.5,0,0,15.3,43.61
475,170,1100,640,25,0,0,15,42.24
450,170,1100,640,50,0,0,15,42.16
425,170,1100,640,75,0,0,15,39.1
400,170,1100,640,100,0,0,15,38.33
375,170,1100,640,125,0,0,15,36.12
465.5,186.2,1078,628,24.5,0,0,14.7,36.12
441,186.2,1078,628,49,0,0,14.7,34
416.5,186.2,1078,628,73.5,0,0,14.7,32.13
392,186.2,1078,628,98,0,0,14.7,30.6
367.5,186.2,1078,628,122.5,0,0,14.7,29.72
343,186.2,1078,628,147,0,0,14.7,27.54
456,201.6,1058,616,24,0,0,14.4,32.89
432,201.6,1058,616,48,0,0,14.4,31.87
408,201.6,1058,616,72,0,0,14.4,29.75
384,201.6,1058,616,96,0,0,14.4,28.05
360,201.6,1058,616,120,0,0,14.4,26.56
336,201.6,1058,616,144,0,0,14.4,25.58
368,161,1085.2,693.81,92,0,0,1.104,57.37
322,161,1085.2,693.81,138,0,0,1.104,51
276,161,1085.2,693.81,184,0,0,1.104,47.6
368,161,1085.2,693.81,0,0,92,1.104,57.37
322,161,1085.2,693.81,0,0,138,1.104,52.95
276,161,1085.2,693.81,0,0,184,1.104,51
300,191,875,761,169,0,0,4,30.77
300,191,862,761,169,0,0,4.2,30.09
300,191,850,761,169,0,0,4.2,29.49
300,191,838,761,169,0,0,4.3,27.88
300,194,825,761,158,0,0,4.3,25.75
320,180,1107,665,0,0,80,0,32.623
240,180,1107,665,0,0,160,0,29.937
160,180,1107,665,0,0,240,0,25.619
280,175,1132,680,0,0,70,0,28.016
210,175,1132,680,0,0,140,0,26.2905
140,175,1132,680,0,0,210,0,22.8395
256,176,1145,688,0,0,64,0,20.8335
192,176,1145,688,0,0,128,0,19.38
128,176,1145,688,0,0,192,0,16.1245
420,156,1134,610,0,0,180,9.6,85.34
360,156,1134,610,0,60,180,9.6,88.4
262.5,175,1025,832,0,0,87.5,3.5,35.36
175,175,1021,830,0,0,175,3.5,31.36
450,210,708.2,901.5,0,50,0,1.3,62.46
400,210,700.4,891.5,0,100,0,1.3,57.04
450,210,707.4,900.2,0,50,0,1.5,58.66
400,210,699.3,890.2,0,100,0,1.5,56.46
450,210,706.3,898.6,0,50,0,1.7,60.57
400,210,698.5,888.8,0,100,0,1.7,61.24
467.5,192.5,839.3,801.3,0,0,82.5,7.43,51.17
385,192.5,834.8,797.1,0,0,165,7.43,52.95
302.5,192.5,830.3,792.8,0,0,247.5,7.43,52.61
437,176,924,743,80,0,0,4.65,59.24
333,173,924,743,162,0,0,3.71,49.72
225,170,924,743,247,0,0,3.21,31.62
115,167,924,743,336,0,0,2.93,13.6
375,195,735,910,125,0,0,6.75,42.5
350,190,735,910,150,0,0,6.75,39.1
325,190,735,910,175,0,0,6.75,36.55
300,190,735,910,200,0,0,6.75,38.25
427.5,162,735,990,0,22.5,0,8,49.3
405,171,735,990,0,45,0,8,52.7
382.5,180,735,990,0,67.5,0,8,56.95
360,180,735,990,0,90,0,8,56.1
323.75,113.3125,1035,740,0,26.25,0,6.3,49.43
297.5,104.125,1035,740,0,52.5,0,6.3,53.77
297.5,104.125,1035,740,52.5,0,0,6.3,39.47
245,85.75,1035,740,105,0,0,6.3,31.67
297,103.95,1035,740,0,0,52.5,6.3,42.82
245,85.75,1035,740,0,0,105,6.3,41.5
297.5,104.125,1035,740,26.25,26.25,0,6.3,52.7
297.5,104.125,1035,740,0,26.25,26.25,6.3,55.02
245,85.75,1035,740,52.5,0,52.5,6.3,33.07
449,145,1140.677966,673,0,36,0,6.0615,99.705
412,145,1143.859649,652,0,73,0,7.21,102.68
243,145,1165.517241,676,0,0,243,4.2525,83.81
146,145,1166.666667,665,0,0,340,4.38,63.155
206,145,1113.559322,657,0,36,243,5.15,89.93
388,145,1151.724138,668,97,0,0,6.79,67.575
291,145,1153.571429,646,194,0,0,5.0925,49.3
352,145,1143.859649,652,97,36,0,6.16,80.155
255,145,1150.909091,633,194,36,0,5.7375,64.6
350,140,986,720,100,0,0,10.8,49.04
350,153,966,706,100,0,0,9.5,48.96
350,167,947,692,100,0,0,8.1,48.96
350,180,927,678,100,0,0,6.8,48.87
350,140,1109,720,100,0,0,10.8,46.32
350,153,1087,706,100,0,0,9.5,45.9
350,167,1065,692,100,0,0,8.1,45.47
350,180,1043,678,100,0,0,6.8,44.2
350,140,1002,720,100,0,0,10.8,46.24
350,153,982,706,100,0,0,9.5,42.5
350,167,963,692,100,0,0,8.1,35.7
350,180,943,678,100,0,0,6.8,32.72
440,209,705,748,110,0,0,9.35,45.05
440,209,708.7,748,110,0,0,9.35,47.26
440,209,680.9,750,110,0,0,7.7,49.3
440,209,705,748,110,0,0,9.35,51
440,209,635.5,748,110,0,0,9.35,42.5
200,90,1014,740,200,0,0,0.5,36.55
200,90,1014,739,192,8,0,0.6,36.97
200,90,1014,774,0,0,200,1.4,57.8
200,90,1014,771,0,8,192,1.7,58.14
269.45,190,1396,698,31.7,15.85,0,0,17.76
253.6,190,1396,698,47.55,15.85,0,0,15.68
237.75,190,1396,698,63.4,15.85,0,0,15.01
253.6,190,1396,698,31.7,31.7,0,0,14.95
237.75,190,1396,698,31.7,47.55,0,0,16.97
253.6,190,1396,698,31.7,31.7,0,0,14.77
253.6,190,1396,698,31.7,31.7,0,0,16.19
253.6,190,1396,698,47.55,15.85,0,0,16.03
237.75,190,1396,698,63.4,15.85,0,0,16.38
237.75,190,1396,698,31.7,47.55,0,0,17.65
237.75,190,1396,698,31.7,47.55,0,0,17.95
474.3,158,1029,686,52.7,0,0,10.54,65.87
421.6,158,1029,686,105.4,0,0,10.54,60.18
368.9,158,1029,686,158.1,0,0,10.54,46.92
495.38,158,1029,686,0,31.62,0,10.54,75.22
484.84,158,1029,686,0,42.16,0,10.54,76.33
474.3,158,1029,686,0,52.7,0,10.54,76.67
442.68,158,1029,686,52.7,31.62,0,10.54,53.63
421.6,158,1029,686,52.7,52.7,0,10.54,64.09
379.44,158,1029,686,105.4,42.16,0,10.54,61.28
337.28,158,1029,686,158.1,31.62,0,10.54,52.27
316.2,158,1029,686,158.1,52.7,0,10.54,49.72
280,160,1104,736,0,0,120,2,19.975
240,160,1104,736,0,0,160,2,21.08
200,160,1104,736,0,0,200,2,21.505
80,163,1184,684,0,0,320,2.85,34.8
120,163,1184,684,84,0,196,1.15,42.5
304.56,160,1270,605,84.6,33.84,126.9,3.6,44.914
304.56,160,1270,605,84.6,33.84,169.2,3.6,49.946
304.56,160,1270,605,84.6,33.84,211.5,3.6,45.5345
262.26,160,1270,605,126.9,33.84,126.9,3.6,40.5875
262.26,160,1270,605,126.9,33.84,169.2,3.6,43.894
262.26,160,1270,605,126.9,33.84,211.5,3.6,42.262
219.96,160,1270,605,169.2,33.84,126.9,3.6,39.7885
219.96,160,1270,605,169.2,33.84,169.2,3.6,40.596
219.96,160,1270,605,169.2,33.84,211.5,3.6,37.4255
450,184.5,1201.5,306,0,0,306,3.78,34
360,184.5,1201.5,612,90,0,0,2.25,32.72
315,184.5,1201.5,612,135,0,0,2.25,25.5
270,184.5,1201.5,612,180,0,0,2.25,23.21
360,184.5,1201.5,306,90,0,306,7.56,27.71
315,184.5,1201.5,306,135,0,306,7.56,30.01
270,184.5,1201.5,306,180,0,306,7.56,31.02
409.5,155.61,874,874,0,10.5,0,2.016,61.61
399,151.62,872,872,0,21,0,2.016,65.45
388.5,147.63,870,870,0,31.5,0,2.016,67.15
378,143.64,869,869,0,42,0,2.016,68
357,135.66,873,873,0,0,63,2.016,52.7
294,111.72,870,870,0,0,126,2.016,46.75
210,79.8,866,866,0,0,210,2.016,34
346.5,131.67,872,872,0,10.5,63,2.016,53.55
336,127.68,870,870,0,21,63,2.016,55.25
325.5,123.69,868,868,0,31.5,63,2.016,57.8
283.5,107.73,869,869,0,10.5,126,2.016,47.6
273,103.74,867,867,0,21,126,2.016,44.2
262.5,99.75,865,865,0,31.5,126,2.016,48.11
199.5,75.81,865,865,0,10.5,210,2.016,31.53
189,71.82,863,863,0,21,210,2.016,34
178.5,67.83,861,861,0,31.5,210,2.016,33.66
160,130,1115,770,127,0,0,2.296,31.7
144,129,1115,770,127,0,16,2.296,33.5
127,127,1115,770,127,0,32,2.288,35.8
111,128,1115,770,127,0,47,2.28,37
94,128,1115,770,127,0,63,2.272,39.8
78,128,1115,770,127,0,78,2.264,39.2
158,105,1115,770,127,0,68,2.824,41.4
140,114,1115,770,127,0,60,2.616,38
124,122,1115,770,127,0,53,2.432,37.4
111,128,1115,770,127,0,47,2.28,37
99,133,1115,770,127,0,42,2.144,33
320,152,1097,731.2,80,0,0,0,36.55
280,152,1097,731.2,120,0,0,0,45.9
240,152,1097,731.2,160,0,0,0,46.1
320,152,1097,731.2,0,0,80,0,51.85
280,152,1097,731.2,0,0,120,0,55.25
240,152,1097,731.2,0,0,160,0,51.85
260,152,1097,731.2,80,0,60,0,42.5
240,152,1097,731.2,80,0,80,0,42.5
260.8,179,1109,675,65.2,0,0,0,19.975
247.76,179,1109,675,65.2,13.04,0,0,27.2
234.72,179,1109,675,65.2,26.08,0,0,23.375
221.68,179,1109,675,65.2,39.12,0,0,20.825
504.84,185.45,797.49,886.58,0,10.3028,0,11.3331416,59.39
494.53,185.45,795.98,884.9,0,20.6056,0,11.3329832,60.33
484.23,185.45,794.48,883.23,0,30.9084,0,11.3330448,60.99
473.93,185.45,792.97,881.55,0,41.2112,0,11.3331064,61.95
463.63,185.45,791.46,879.87,0,51.514,0,11.333168,61.58
499.69,185.45,776.12,862.82,15.4542,0,0,11.3331724,44.62
489.38,185.45,774.62,861.15,15.4542,10.3028,0,11.333014,51.66
479.08,185.45,773.11,859.47,15.4542,20.6056,0,11.3330756,53.52
468.78,185.45,771.6,857.8,15.4542,30.9084,0,11.3331372,54.3
458.47,185.45,770.09,856.12,15.4542,41.2112,0,11.3329788,54.87
448.17,185.45,768.59,854.45,15.4542,51.514,0,11.3330404,54.54
484.23,185.45,753.25,837.39,30.9084,0,0,11.3330448,44.88
473.93,185.45,751.74,835.72,30.9084,10.3028,0,11.3331064,53.33
463.63,185.45,750.23,834.04,30.9084,20.6056,0,11.333168,53.69
453.32,185.45,748.23,832.37,30.9084,30.9084,0,11.3330096,54.56
443.02,185.45,747.22,830.69,30.9084,41.2112,0,11.3330712,55.16
432.72,185.45,745.71,829.02,30.9084,51.514,0,11.3331328,54.84
430.14,185.45,746.81,830.23,84.9981,0,0,11.3330382,46.55
419.84,185.45,745.3,828.56,84.9981,10.3028,0,11.3330998,54
409.54,185.45,743.79,826.88,84.9981,20.6056,0,11.3331614,54.44
399.23,185.45,742.29,825.21,84.9981,30.9084,0,11.333003,55.98
388.93,185.45,740.78,823.53,84.9981,41.2112,0,11.3330646,56.43
378.63,185.45,739.27,821.85,84.9981,51.514,0,11.3331262,56.06
401.81,185.45,729.41,810.89,113.3308,0,0,11.3330976,45.47
391.51,185.45,727.9,809.22,113.3308,10.3028,0,11.3331592,54.19
381.2,185.45,726.4,807.54,113.3308,20.6056,0,11.3330008,54.72
370.9,185.45,724.89,805.87,113.3308,30.9084,0,11.3330624,56.04
360.6,185.45,723.38,804.19,113.3308,41.2112,0,11.333124,56.77
350.3,185.45,721.87,802.51,113.3308,51.514,0,11.3331856,56.07
373.48,185.45,712.01,791.55,141.6635,0,0,11.333157,44.45
363.17,185.45,710.51,789.88,141.6635,10.3028,0,11.3329986,55.04
352.87,185.45,709,788.2,141.6635,20.6056,0,11.3330602,56.92
342.57,185.45,707.49,786.53,141.6635,30.9084,0,11.3331218,58.35
332.27,185.45,705.99,784.85,141.6635,41.2112,0,11.3331834,58.72
321.96,185.45,704.48,783.17,141.6635,51.514,0,11.333025,58.54
345.14,185.45,694.62,772.21,169.9962,0,0,11.3329964,44.11
334.84,185.45,693.11,770.54,169.9962,10.3028,0,11.333058,52.88
324.54,185.45,691.6,768.86,169.9962,20.6056,0,11.3331196,54.78
314.24,185.45,690.1,767.19,169.9962,30.9084,0,11.3331812,56.06
303.93,185.45,688.59,765.51,169.9962,41.2112,0,11.3330228,56.36
293.63,185.45,687.08,763.83,169.9962,51.514,0,11.3330844,55.95
316.81,185.45,677.22,752.87,198.3289,0,0,11.3330558,45.54
306.51,185.45,675.71,751.2,198.3289,10.3028,0,11.3331174,51.41
296.21,185.45,674.21,749.52,198.3289,20.6056,0,11.333179,51.91
285.9,185.45,672.7,747.85,198.3289,30.9084,0,11.3330206,52.42
275.6,185.45,671.19,746.17,198.3289,41.2112,0,11.3330822,52.89
265.3,185.45,669.68,744.49,198.3289,51.514,0,11.3331438,52.67
288.48,185.45,659.82,733.53,226.6616,0,0,11.3331152,43.01
278.18,185.45,658.32,731.86,226.6616,10.3028,0,11.3331768,50.12
267.87,185.45,656.81,730.18,226.6616,20.6056,0,11.3330184,50.3
257.57,185.45,655.3,728.51,226.6616,30.9084,0,11.33308,51.19
247.27,185.45,653.8,726.83,226.6616,41.2112,0,11.3331416,51.71
236.96,185.45,652.29,725.15,226.6616,51.514,0,11.3329832,51.31
231.81,185.45,625.03,694.85,283.327,0,0,11.333014,39.77
221.51,185.45,623.52,693.18,283.327,10.3028,0,11.3330756,46.1
211.21,185.45,622.02,691.5,283.327,20.6056,0,11.3331372,46.72
200.9,185.45,620.51,689.83,283.327,30.9084,0,11.3329788,47.19
190.6,185.45,619,688.15,283.327,41.2112,0,11.3330404,47.74
180.3,185.45,617.5,686.47,283.327,51.514,0,11.333102,47.47
248,210.12,812,853,248,0,0,5,23.5
248,226.24,806,853,248,0,0,5,22.81
248,210.12,812,853,124,0,124,5,29.14
248,226.24,806,853,124,0,124,5,25.29
124,210.12,812,853,186,0,186,5,24.46
124,226.24,806,853,186,0,186,5,21.03
124,210.12,812,853,159,53,159,5,31.98
124,226.24,806,853,159,53,159,5,29.13
310,155,1052,711,133,0,0,0,48.45
354,155,1067,699,0,0,133,0,57.8
354,155,1048,708,0,133,0,0,53.55
311,155,1060,706,66,0,66,0,49.72
311,155,1050,700,66,66,0,0,51.85
311,155,1056,704,44,44,44,0,51.85
444.6,158,1151,647,49.4,0,0,4.94,53.21
419.9,158,1151,647,74.1,0,0,4.94,54.4
395.2,158,1151,647,98.8,0,0,4.94,53.72
370.5,158,1151,647,123.5,0,0,4.94,51.17
479.2,158,1151,647,0,14.8,0,4.94,53.21
464.4,158,1151,647,0,29.6,0,4.94,54.99
449.5,158,1151,647,0,44.5,0,4.94,56.61
434.7,158,1151,647,0,59.3,0,4.94,58.05
405.1,158,1151,647,74.1,14.8,0,4.94,54.99
390.3,158,1151,647,74.1,29.6,0,4.94,57.29
375.4,158,1151,647,74.1,44.5,0,4.94,61.54
360.6,158,1151,647,74.1,59.3,0,4.94,64.43
273.125,190,735.7,954,47.5,11.875,142.5,1.1875,44.5
225.625,190,734.2,952,47.5,11.875,190,1.1875,40.4
178.125,190,732.7,950.1,47.5,11.875,237.5,1.1875,35.3
249.375,190,732,949.3,71.25,11.875,142.5,1.1875,42
201.875,190,730.5,947.3,71.25,11.875,190,1.1875,35.3
154.375,190,730.4,947.1,71.25,11.875,237.5,1.1875,34.8
225.625,190,728.2,944.3,95,11.875,142.5,1.1875,39.6
178.125,190,726.7,942.4,95,11.875,190,1.1875,34.5
130.625,190,725.2,940.4,95,11.875,237.5,1.1875,33.8
261.25,190,733.7,951.4,47.5,23.75,142.5,1.425,39.9
213.75,190,732.2,949.4,47.5,23.75,190,1.425,39.5
166.25,190,730.1,946.8,47.5,23.75,237.5,1.425,35
237.5,190,729.4,945.8,71.25,23.75,142.5,1.425,39.5
190,190,727.8,943.8,71.25,23.75,190,1.425,33
142.5,190,726.3,941.9,71.25,23.75,237.5,1.425,32.7
213.75,190,725.8,941.2,95,23.75,142.5,1.425,39.9
166.25,190,724.2,939.1,95,23.75,190,1.425,35.3
118.75,190,722.7,937.1,95,23.75,237.5,1.425,31.1
249.375,190,731.5,948.6,47.5,35.625,142.5,1.6625,40.3
201.875,190,729.7,946.3,47.5,35.625,190,1.6625,36.7
154.375,190,728.1,944.23,47.5,35.625,237.5,1.6625,34.5
225.625,190,727.7,943.7,71.25,35.625,142.5,1.6625,38.5
178.125,190,727.9,941.4,71.25,35.625,190,1.6625,36.5
130.625,190,724.3,939.2,71.25,35.625,237.5,1.6625,32.9
201.875,190,723.9,938.7,95,35.625,142.5,1.6625,37.5
154.375,190,722.2,936.4,95,35.625,190,1.6625,34.5
106.875,190,720.5,934.3,95,35.625,237.5,1.6625,33.1
273.125,190,754,939,47.5,11.875,142.5,1.1875,32.4
249.375,190,750.2,934.1,71.25,11.875,142.5,1.1875,31.95
225.625,190,752.5,937.1,47.5,11.875,190,1.1875,30.89
154.375,190,746.8,930,71.25,11.875,237.5,1.425,29.46
142.5,190,746.1,929.1,71.25,23.75,237.5,1.6625,28.4
130.625,190,742.9,925.1,95,11.875,237.5,1.425,24.5
118.75,180.5,742.2,924.2,71.25,23.75,237.5,1.579375,24.4
106.875,190,741.7,923.7,95,35.625,237.5,1.6625,24.1
273.125,190,697.1,921.6,47.5,11.875,142.5,1.1875,35.52
249.375,190,685.2,905.9,71.25,11.875,142.5,1.1875,34.25
225.625,190,695.7,919.7,47.5,11.875,190,1.1875,33.93
154.375,190,690.4,912.7,71.25,11.875,237.5,1.425,31.3
142.5,190,689.8,911.9,71.25,23.75,237.5,1.6625,29.25
130.625,190,686.8,908,95,11.875,237.5,1.425,25.53
118.75,180.5,686.4,907.4,71.25,23.75,237.5,1.579375,25.15
106.875,190,685.8,906.6,95,35.625,237.5,1.6625,25.05
271,208.36,739,819,135.5,0,135.5,8.13,26.6
135.5,208.36,739,819,162.6,81.3,162.6,8.13,27.37
138,191.4,1107,660,92,46,184,1.84,40
138,195.6,1071,660,92,46,184,1.84,38
138,200.7,1048,660,92,46,184,1.84,42.2
138,199.4,990,660,92,46,184,1.84,37.8
138,208.2,990,660,92,46,184,1.84,38.1
138,205.3,1007,635,92,46,184,1.84,31
138,209.5,1023,612,92,46,184,1.84,33
453.4,201.5,861.5,760.8,50.4,0,0,2.8,49.29
400.7,200.4,856.5,756.4,100.2,0,0,2.8,46.57
297.1,198.1,846.9,747.8,198.1,0,0,2.8,40.53
246.2,197,842.1,743.6,246.2,0,0,2.7,41.82
411.9,274.6,782.7,691.1,45.8,0,0,0,28.16
364.2,273.2,778.6,687.5,91.1,0,0,0,27.97
270.4,270.4,770.5,680.4,180.2,0,0,0,19.88
224.1,269,766.6,676.9,224.1,0,0,0,18.64
330,173.46,1198,798,83,0,0,1.45,45.05
289,173.46,1185,790,124,0,0,1.45,42.5
248,173.46,1172,781,165,0,0,1.45,36.55
356,186.9,1338,653,89,0,0,1.11,42.92
312,186.9,1322,645,133,0,0,1.11,40.8
267,186.9,1307,637,178,0,0,1.11,34.85
384.85,151.35,1144.6,706.5,0,47.57,0,5.19,64.6
371.88,151.35,1152.31,711.22,0,0,60.54,4.76,61.2
372.33,186.16,948.54,636.97,93.08,0,0,2.34,46.4
372.33,186.16,948.54,636.97,93.08,0,0,2.34,50.2
380,220,685,1255,0,20,0,4.8,29.0275
360,220,682,1250,0,40,0,4.8,27.0725
320,220,676,1239,0,80,0,4.8,25.1345
187,121,1289,790,51,10.2,153,4.2,64.6
340,121,1263,774,51,10.2,0,4.2,78.2
340,121,1205,739,102,10.2,0,4.2,72.25
379.2,168,820,807,94.8,0,0,1.69,80
286,168,820,807,188,0,0,1.69,83.5
189.6,168,820,807,284.4,0,0,1.69,75.7
94.8,168,820,807,379.2,0,0,1.69,35.1
379.2,168,820,807,94.8,0,0,1.69,84.2
284.4,168,820,807,189.6,0,0,1.69,87
189.6,168,820,807,284.4,0,0,1.69,63.5
94.8,168,820,807,379.2,0,0,1.69,32
379.2,168,820,807,0,0,94.8,1.69,71.8
284.4,168,820,807,0,0,189.6,1.69,76.6
189.6,168,820,807,0,0,284.4,1.69,66.4
94.8,168,820,807,0,0,379.2,1.69,54.9
379.2,168,820,807,0,0,94.8,1.69,85
284.4,168,820,807,0,0,189.6,1.69,83.5
189.6,168,820,807,0,0,284.4,1.69,75.8
94.8,168,820,807,0,0,379.2,1.69,51
332,92.96,1504,75.2,0,17.5,0,4.375,27.2
315,88.2,1504,75.2,0,35,0,4.375,29.75
345,134.4,1587,0,38,0,0,0,12.41
345,134.4,1434,154,38,0,0,0,13.77
345,134.4,1280,307,38,0,0,0,16.15
269,134.4,1587,0,38,38,0,0,14.11
269,134.4,1434,154,38,38,0,0,15.725
269,134.4,1280,307,38,38,0,0,18.19
459,178.5,915,865,0,51,0,4.5,49.1
357,178.5,915,865,0,0,153,4.5,46.5
408,178.5,915,865,102,0,0,4.5,45.2
271,205.13,787,834,271,0,0,8.13,23.9955
271,205.13,787,834,108.4,54.2,108.4,8.13,38.641
271,221.26,768,834,135.5,0,135.5,8.13,30.838
135.5,221.26,768,834,162.6,81.3,162.6,8.13,36.1335
666,152,1103,523,0,0,74,8.88,76.67
592,152,1100,522,0,0,148,8.88,78.71
518,152,1097,520,0,0,222,8.88,81.362
444,152,1094,519,0,0,296,8.88,86.037
370,152,1091,518,0,0,370,8.88,85.51
696,152,1099,522,0,44.4,0,8.88,99.6625
681,152,1092,518,0,59,0,8.88,103.598
666,152,1085,515,0,74,0,8.88,107.27
651,151,1081,513,0,89,0,8.88,111.894
629,151,1075,510,0,111,0,8.88,113.5005
607,151,1069,507,0,133,0,8.88,112.302
577,151,1078,511,0,89,74,8.88,116.28
503,151,1075,510,0,89,148,8.88,117.64
429,151,1072,509,0,89,222,8.88,118.915
355,151,1069,507,0,89,296,8.88,122.5785
281,151,1066,506,0,89,370,8.88,121.7625
227.5,140,1314.2,744.3,87.5,0,35,3.5,34.952
227.5,140,1314.2,744.3,0,35,87.5,3.5,32.436
227.5,140,1314.2,744.3,87.5,35,0,3.5,32.1725
227.5,140,1314.2,744.3,70,0,52.5,3.5,29.9285
227.5,140,1314.2,744.3,0,52.5,70,3.5,31.246
227.5,140,1314.2,744.3,70,52.5,0,3.5,29.8095
227.5,140,1314.2,744.3,35,87.5,0,3.5,29.1125
227.5,140,1314.2,744.3,35,0,87.5,3.5,28.5005
227.5,140,1314.2,744.3,0,87.5,35,3.5,29.631
227.5,140,1314.2,744.3,70,52.5,0,3.5,33.1075
227.5,140,1314.2,744.3,70,0,52,3.5,29.9965
227.5,140,1314.2,744.3,70,52.5,0,3.5,28.8405
504.8,185.5,797.5,886.6,0,10.302,0,11.332244,59.3895
494.5,185.5,796,884.9,0,20.604,0,11.332288,60.248
484.2,185.5,794.5,883.2,0,30.906,0,11.332332,60.9025
473.9,185.5,793,881.6,0,41.208,0,11.332376,61.948
463.6,185.5,791.5,879.9,0,51.51,0,11.33242,61.4975
499.7,185.5,776.1,862.8,15.453,0,0,11.333366,44.625
489.4,185.5,774.6,861.1,15.453,10.302,0,11.33341,51.663
479.1,185.5,773.1,859.5,15.453,20.604,0,11.333454,53.5245
468.8,185.5,771.6,857.8,15.453,30.906,0,11.333498,54.298
458.5,185.5,770.1,856.1,15.453,41.208,0,11.333542,54.8675
448.2,185.5,768.6,854.4,15.453,51.51,0,11.333586,54.536
484.2,185.5,753.2,837.4,30.906,0,0,11.332332,44.88
473.9,185.5,751.7,835.7,30.906,10.302,0,11.332376,53.329
463.6,185.5,750.2,834,30.906,20.604,0,11.33242,53.6945
453.3,185.5,748.7,832.4,30.906,30.906,0,11.332464,54.5615
443,185.5,747.2,830.7,30.906,41.208,0,11.332508,55.1565
432.7,185.5,745.7,829,30.906,51.51,0,11.332552,54.842
430.1,185.5,746.8,830.2,84.9915,0,0,11.332013,46.546
419.8,185.5,745.3,828.6,84.9915,10.302,0,11.332057,54.0005
409.5,185.5,743.8,826.9,84.9915,20.604,0,11.332101,54.553
399.2,185.5,742.3,825.2,84.9915,30.906,0,11.332145,55.981
388.9,185.5,740.8,823.5,84.9915,41.208,0,11.332189,56.4315
378.6,185.5,739.3,821.9,84.9915,51.51,0,11.332233,56.0575
401.8,185.5,729.4,810.9,113.322,0,0,11.332684,45.475
391.5,185.5,727.9,809.2,113.322,10.302,0,11.332728,54.1875
381.2,185.5,726.4,807.5,113.322,20.604,0,11.332772,54.723
370.9,185.5,724.9,805.9,113.322,30.906,0,11.332816,56.0405
360.6,185.5,723.4,804.2,113.322,41.208,0,11.33286,56.7715
350.3,185.5,721.9,802.5,113.322,51.51,0,11.332904,56.0745
373.5,185.5,712,791.6,141.6525,0,0,11.333355,44.455
363.2,185.5,710.5,789.9,141.6525,10.302,0,11.333399,55.0375
352.9,185.5,709,788.2,141.6525,20.604,0,11.333443,56.9245
342.6,185.5,707.5,786.5,141.6525,30.906,0,11.333487,58.3525
332.3,185.5,706,784.9,141.6525,41.208,0,11.333531,58.718
322,185.5,704.5,783.2,141.6525,51.51,0,11.333575,58.5395
345.1,185.5,694.6,772.2,169.983,0,0,11.331826,44.115
334.8,185.5,693.1,770.5,169.983,10.302,0,11.33187,52.8785
324.5,185.5,691.6,768.9,169.983,20.604,0,11.331914,54.7825
314.2,185.5,690.1,767.2,169.983,30.906,0,11.331958,56.0575
303.9,185.5,688.6,765.5,169.983,41.208,0,11.332002,56.3635
293.6,185.5,687.1,763.8,169.983,51.51,0,11.332046,55.947
316.8,185.5,677.2,752.9,198.3135,0,0,11.332497,43.5455
306.5,185.5,675.7,751.2,198.3135,10.302,0,11.332541,51.408
296.2,185.5,674.2,749.5,198.3135,20.604,0,11.332585,51.9095
285.9,185.5,672.7,747.8,198.3135,30.906,0,11.332629,52.4195
275.6,185.5,671.2,746.2,198.3135,41.208,0,11.332673,52.887
265.3,185.5,669.7,744.5,198.3135,51.51,0,11.332717,52.6745
288.5,185.5,659.8,733.5,226.644,0,0,11.333168,43.01
278.2,185.5,658.3,731.9,226.644,10.302,0,11.333212,50.116
267.9,185.5,656.8,730.2,226.644,20.604,0,11.333256,50.303
257.6,185.5,655.3,728.5,226.644,30.906,0,11.3333,51.187
247.3,185.5,653.8,726.8,226.644,41.208,0,11.333344,51.7055
237,185.5,652.3,725.2,226.644,51.51,0,11.333388,51.306
231.8,185.5,625,694.9,283.305,0,0,11.33231,39.7715
221.5,185.5,623.5,693.2,283.305,10.302,0,11.332354,46.104
211.2,185.5,622,691.5,283.305,20.604,0,11.332398,46.716
200.9,185.5,620.5,689.8,283.305,30.906,0,11.332442,47.192
190.6,185.5,619,688.2,283.305,41.208,0,11.332486,47.7445
180.3,185.5,617.5,686.5,283.305,51.51,0,11.33253,47.4725
273.175,190,754,939,47.5,11.875,142.5,1.1875,42.6
249.375,190,750.2,934.1,71.25,11.875,142.5,1.1875,40.6
225.625,190,752.5,937.1,47.5,11.875,190,1.1875,39.2
154.375,190,746.8,930,71.25,11.875,237.5,1.425,32.3
142.5,190,746.1,929.1,71.25,23.75,237.5,1.425,31.2
130.625,190,742.9,925.1,95,11.875,237.5,1.1875,30
118.75,190,742.2,924.2,71.25,23.75,237.5,1.425,28.1
106.875,190,741.7,923.7,95,35.625,237.5,1.425,28.4
324,250,836,631,0,23,116,0,27.625
300.7,250,836,631,0,46.3,116,0,35.615
277.5,250,836,631,0,69.5,116,0,38.08
324,260.9,825,631,0,23,116,0,31.705
300.7,260.9,825,631,0,46.3,116,0,32.215
277.5,260.9,825,631,0,69.5,116,0,35.02
324,271.7,813,631,0,23,116,0,24.395
300.7,271.7,813,631,0,46.3,116,0,31.535
277.5,271.7,813,631,0,69.5,116,0,37.74
324,293.5,791,631,0,23,116,0,25.925
300.7,293.5,791,631,0,46.3,116,0,27.88
277.5,293.5,791,631,0,69.5,116,0,29.75
441.75,200,737,937.5,23.25,0,0,3.72,34
418.5,200,737,937.5,46.5,0,0,3.72,34.85
395.25,200,737,937.5,69.75,0,0,3.72,35.7
372,200,737,937.5,93,0,0,3.72,35.955
348.75,200,737,937.5,116.25,0,0,3.72,36.21
325.5,200,737,937.5,139.5,0,0,3.72,33.15
302.25,200,737,937.5,162.75,0,0,3.72,32.3
441.75,200,737,937.5,0,23.25,0,3.72,35.02
418.5,200,737,937.5,0,46.5,0,3.72,38.25
395.25,200,737,937.5,0,69.75,0,3.72,36.125
372,200,737,937.5,0,93,0,3.72,35.105
348.75,200,737,937.5,0,116.25,0,3.72,33.83
348.75,200,737,937.5,93,23.85,0,3.72,31.875
348.75,200,737,937.5,69.75,47.7,0,3.72,39.1
348.75,200,737,937.5,46.5,69.75,0,3.72,38.25
348.75,200,737,937.5,23.25,93,0,3.72,37.91
348.75,200,737,937.5,0,116.25,0,3.72,36.125
257,216.8,754,800,256,0,0,4.1,15.572
257,216.8,754,800,128,0,128,4.1,29.546
257,216.8,754,800,102,52,102,4.1,35.309
129,216.8,754,800,384,0,0,4.1,9.231
128,216.8,754,800,192,0,192,4.1,23.341
128,216.8,754,800,154,76,154,4.1,26.2905
260,206.7,849.4,785,260,0,0,5.72,15.334
260,206.7,849.4,785,130,0,130,5.43,28.4835
260,206.7,849.4,785,104,52,104,6.76,34.2635
130,206.7,849.4,785,390,0,0,5.94,6.0945
130,206.7,849.4,785,195,0,195,4.68,16.711
130,206.7,849.4,785,156,78,156,6.8,30.209
260,214.9,832,785,260,0,0,4.78,17.85
260,214.9,832,785,130,0,130,5.67,32.623
260,214.9,832,785,104,52,104,6.86,42.024
130,214.9,832,785,390,0,0,7.4,11.594
130,214.9,832,785,195,0,195,7.28,26.214
130,214.9,832,785,156,78,156,7.57,36.3375
113.7,214.9,832,785,341.25,0,0,4.01,11.8065
113.7,214.9,832,785,170.63,0,170.6,1.37,15.5975
113.7,214.9,832,785,136.5,68.3,136.5,3.19,22.2955
101,214.9,832,785,303,0,0,3.2,8.1855
101,214.9,832,785,151.5,0,151.5,1.21,10.2595
101,214.9,832,785,121.2,60.6,121.2,3.63,16.031
301.15,155.33,1268,634,0,15.85,0,0,27.455
285.3,152.16,1268,634,0,31.7,0,0,28.475
269.45,148.99,1268,634,0,47.55,0,0,26.35
301.15,158.5,1268,634,15.85,0,0,0,25.33
285.3,155.33,1268,634,31.7,0,0,0,25.84
269.45,152.16,1268,634,47.55,0,0,0,25.5
301.15,158.5,1268,634,7.93,7.93,0,0,27.2
285.3,152.16,1268,634,15.85,15.85,0,0,27.625
269.45,148.99,1268,634,23.78,23.78,0,0,28.9
360,180,868,941,40,0,0,0,23.8
320,180,865,937,80,0,0,0,22.1
280,180,852,933,120,0,0,0,17.85
380,180,869,941,0,20,0,0,25.5
360,180,865,937,0,40,0,0,34
340,180,863,935,40,20,0,0,23.8
280,180,861,932,80,20,0,0,26.435
260,180,858,930,120,20,0,0,22.1
340,156,1799,1346,60,0,0,2.4,39.36
300,156,1779,1300,100,0,0,2.4,36.45
260,156,1763,1255,140,0,0,2,31.6
240,156,1816,1386,0,0,160,1.6,39.15
200,156,1812,1379,0,0,200,2,36
160,156,1809,1372,0,0,240,2,31.59
513,183.6,817.56,828.36,0,27,0,5.4,48.7305
486,183.6,817.56,828.36,0,54,0,4.86,55.913
459,183.6,817.56,828.36,0,81,0,4.32,44.574
324,162,1027,750,81,0,0,0,44.6
291,155,1044,762,97,0,0,0,41.2
368,155,1057,772,0,19,0,0,63.9
194,155,1041,760,97,0,97,0,42.9
155,155,1037,757,116,0,116,0,36.3
194,155,1054,769,0,0,194,0,48.9
116,155,1048,765,0,19,252,0,40.4
342,155,1078,667,114,0,0,0,50.4
433,155,1094,677,0,23,0,0,72.8
228,155,1073,664,114,0,114,0,53.5
182,155,1069,661,137,0,137,0,45.8
228,155,1090,674,0,0,228,0,53.4
137,155,1083,670,0,13,296,0,55.7
388,155,1016,628,138,28,0,0,73.2
526,155,1041,644,0,28,0,0,83.6
277,155,1016,628,111,28,138,0,73.7
221,155,1009,624,138,28,166,0,57.4
277,155,1031,638,0,28,249,0,76.5
137,155,1083,670,0,28,296,0,72.5
285,171,1130.94,679.32,76,19,0,0,42.5
247,171,1130.94,679.32,114,19,0,0,40.8
19,171,1130.94,679.32,152,19,0,0,37.4
275.5,171,1130.94,679.32,76,28.5,0,0,49.3
237.5,171,1130.94,679.32,114,28.5,0,0,52.7
199.5,171,1130.94,679.32,152,28.5,0,0,48.45
266,171,1130.94,679.32,76,38,0,0,45.05
228,171,1130.94,679.32,114,38,0,0,43.35
190,171,1130.94,679.32,152,38,0,0,42.925
322,200.48,1228,611,36,0,0,0,35.275
320,209.44,1218,607,36,18,0,0,39.27
284,198.8,1219,607,71,0,0,0,31.875
280,215.6,1200,598,70,35,0,0,36.55
247,197.68,1212,604,106,0,0,0,28.475
243,213.92,1192,594,104,35,0,0,31.025
372,160,818,993,0,28,0,1.4136,38
350,190,876,830,150,0,0,9.1,25.925
300,200,860,845,200,0,0,9,22.1
250,210,856,856,250,0,0,8.6,18.7
409.5,159.6,869,869,0,10.5,0,2.016,61.71
399,159.6,868,868,0,21,0,2.142,66.3
388.5,159.6,865,865,0,31.5,0,2.268,66.47
378,159.6,869,869,0,42,0,2.352,68
357,159.6,865,865,63,0,0,1.638,52.36
294,159.6,855,855,126,0,0,1.26,44.2
346.5,159.6,864,864,63,10.5,0,1.68,53.125
336,159.6,861,861,63,21,0,1.764,60.775
325.5,159.6,860,860,63,31.5,0,1.89,60.35
283.5,159.6,853,853,126,10.5,0,1.344,49.3
273,159.6,851,851,126,21,0,1.386,50.745
262.5,159.6,849,849,126,31.5,0,1.428,47.175
244,142.5,1317,701,131,0,0,1.5,41.225
244,142.5,1325,705,75,0,56,1.5,43.86
206,142.5,1308,697,169,0,0,1.5,51.935
206,142.5,1317,700,113,0,56,1.5,53.04
340,188,800,825,0,0,135,6.1275,36.55
375,189,800,862,0,0,100,8.265,46.66
430,195,795,971,0,20,0,4.68,56.95
430,205,651,1047,0,20,0,7.065,62.22
323.1,158,1110.39,796,0,35.9,0,0,23.375
305.15,158,1110.39,796,0,53.85,0,0,27.625
287.2,158,1110.39,796,0,71.8,0,0,25.33
675,225,570,688,75,0,0,8.25,45.475
600,225,570,688,150,0,0,8.25,45.05
712.5,225,570,688,0,37.5,0,11.25,48.45
675,225,570,688,0,75,0,11.25,50.15
600,225,570,688,112.5,37.5,0,9.75,49.64
525,225,570,688,187.5,37.5,0,9.75,48.195
406,189,784.4,987.1,0,22,22,1.57,40.2
406,189,655.7,987.1,0,22,22,1.57,32.5
360,189,780.2,982.4,0,45,45,1.8,42.3
360,189,652.7,982.4,0,45,45,1.8,34.8
315,189,779.2,981.2,0,45,90,1.8,44.4
315,189,651.7,981.2,0,45,90,1.8,36
270,189,778,979.4,0,45,135,1.8,40
270,189,650.7,979.4,0,45,135,1.8,33.4
225,189,776.8,977.9,0,45,180,2.02,35
225,189,649.7,977.9,0,45,180,2.02,30
180,189,775.6,976.3,0,45,225,2.02,30.8
180,189,648.6,976.3,0,45,225,2.02,27
135,189,773.2,973.3,0,45,270,2.02,26.4
135,189,646.6,973.3,0,45,270,2.02,23.5
524.7,186.56,1235,523,0,0,58.3,4.4,60.35
466.4,186.56,1235,523,0,0,116.6,4.5,62.9
408.1,186.56,1235,523,0,0,174.9,4.35,59.075
524.7,186.56,1235,523,58.3,0,0,4.1,59.075
466.4,186.56,1235,523,58.3,0,58.3,4.25,65.025
408.1,186.56,1235,523,58.3,0,116.6,4.3,56.95
466.4,186.56,1235,523,116.6,0,0,4,61.2
466.4,205.216,1235,523,116.6,0,58.3,4.05,57.8
530.7,225.792,1235,523,174.9,0,0,4.1,58.82
583,191.232,1235,523,0,14.6,0,4.3,64.6
524.7,191.232,1235,523,0,14.6,58.3,4.45,62.475
466.4,191.232,1235,523,0,14.6,116.6,4.65,63.75
408.1,191.232,1235,523,0,14.6,174.9,4.5,62.475
524.7,191.232,1235,523,58.3,14.6,0,4.25,62.05
466.4,191.232,1235,523,58.3,14.6,58.3,4.28,66.3
408.1,191.232,1235,523,58.3,14.6,116.6,4.47,57.12
466.4,191.232,1235,523,116.6,14.6,0,4.19,61.625
466.4,209.888,1235,523,116.6,14.6,58.3,4.13,57.715
530.7,230.464,1235,523,174.9,14.6,0,4.3,60.35
583,195.904,1235,523,0,29.2,0,4.4,65.45
524.7,195.904,1235,523,0,29.2,58.3,4.55,62.9
466.4,195.904,1235,523,0,29.2,116.6,4.7,65.45
408.1,195.904,1235,523,0,29.2,174.9,4.65,62.9
524.7,195.904,1235,523,58.3,29.2,0,4.5,62.475
466.4,195.904,1235,523,58.3,29.2,58.3,4.35,67.83
408.1,195.904,1235,523,58.3,29.2,116.6,4.6,57.8
466.4,195.904,1235,523,116.6,29.2,0,4.2,64.6
466.4,214.56,1235,523,116.6,29.2,58.3,4.27,58.65
530.7,235.136,1235,523,174.9,29.2,0,4.4,61.455
583,200.544,1235,523,0,43.7,0,5.3,66.3
524.7,200.544,1235,523,0,43.7,58.3,5.44,64.005
466.4,200.544,1235,523,0,43.7,116.6,5.6,67.15
408.1,200.544,1235,523,0,43.7,174.9,5.58,64.6
524.7,200.544,1235,523,58.3,43.7,0,5.2,63.75
466.4,200.544,1235,523,58.3,43.7,58.3,4.97,70.55
408.1,200.544,1235,523,58.3,43.7,116.6,5.05,58.48
466.4,200.544,1235,523,116.6,43.7,0,5.15,65.875
466.4,219.2,1235,523,116.6,43.7,58.3,5.26,58.99
530.7,239.776,1235,523,174.9,43.7,0,4.7,62.475
583,205.216,1235,523,0,58.3,0,5.62,67.15
524.7,205.216,1235,523,0,58.3,58.3,5.74,64.6
466.4,205.216,1235,523,0,58.3,116.6,5.7,67.745
408.1,205.216,1235,523,0,58.3,174.9,5.67,64.43
524.7,205.216,1235,523,58.3,58.3,0,5.43,65.45
466.4,205.216,1235,523,58.3,58.3,58.3,5.14,71.825
408.1,205.216,1235,523,58.3,58.3,116.6,5.26,58.65
466.4,205.216,1235,523,116.6,58.3,0,5.4,66.3
466.4,223.872,1235,523,116.6,58.3,58.3,5.6,60.605
530.7,244.448,1235,523,174.9,58.3,0,5.36,64.43
583,209.888,1235,523,0,72.9,0,5.74,63.58
524.7,209.888,1235,523,0,72.9,58.3,5.89,62.475
466.4,209.888,1235,523,0,72.9,116.6,5.76,65.45
408.1,209.888,1235,523,0,72.9,174.9,5.68,59.5
524.7,209.888,1235,523,58.3,72.9,0,5.58,61.2
466.4,209.888,1235,523,58.3,72.9,58.3,5.39,69.275
408.1,209.888,1235,523,58.3,72.9,116.6,5.3,56.95
466.4,209.888,1235,523,116.6,72.9,0,5.42,62.9
466.4,228.544,1235,523,116.6,72.9,58.3,5.72,57.8
530.7,249.12,1235,523,174.9,72.9,0,5.21,59.5
598,350.1,934,915,0,0,180,0,36
440,176,917,714,110,0,0,7.43,59.33
330,176,899,700,220,0,0,7.43,51.765
220,176,881,686,330,0,0,6.67,40.375
440,176,931,725,0,0,110,10.43,63.835
330,176,928,722,0,0,220,10,68.085
220,176,924,720,0,0,330,8.89,66.385
522.5,176,930,724,0,27.5,0,9.56,68.255
495,176,925,720,0,55,0,10.67,72.76
467.5,176,920,716,0,82.5,0,12,71.74
440,176,916,713,82.5,27.5,0,8.22,67.32
330,176,898,699,165,55,0,9.11,57.12
220,176,880,685,247.5,82.5,0,8.89,50.915
440,176,927,721,0,27.5,82.5,9.78,67.66
330,176,920,716,0,55,165,10.78,74.375
220,176,912,710,0,82.5,247.5,10.22,71.825
440,176,924,720,55,0,55,8,65.365
330,176,913,711,110,0,110,7.5,52.87
220,176,903,703,165,0,165,4.44,58.905
440,176,922,717,41.3,27.5,41.3,6.4,66.81
330,176,909,707,82.5,55,82.5,6.48,61.795
220,176,896,697,123.8,82.5,123.8,8,54.655
125,172,1100,880,62.5,0,62.5,5,40.1
125,172,1100,880,62.5,0,62.5,5,36
87.5,172,1100,880,62.5,0,100,5,31.8
87.5,172,1100,880,62.5,0,100,5,34
175,172,1100,880,87.5,0,87.5,5,52
175,172,1100,880,87.5,0,87.5,5,52.5
122.5,172,1100,880,87.5,0,140,5,44.1
122.5,172,1100,880,87.5,0,140,5,54
373,170,1035,697,0,0,42,2.9,48.1
290,170,1035,697,0,0,125,2.9,47.1
208,170,1035,697,0,0,207,2.9,46.4
180,102.6,879,1310,0,0,90,0,70
270,111.6,833,1249,0,0,90,0,65
270,136.8,843,1257,0,0,90,0,79.8
180,111.6,831,1246,0,0,180,0,64.8
180,136.8,843,1257,0,0,180,0,79.5
360,171,808,1204,0,0,90,0,83
270,139.5,771,1156,0,0,180,0,71
270,171,808,1204,0,0,180,0,70
180,139.5,768,1152,0,0,270,0,65
180,171,808,1204,0,0,270,0,71
175,215,1135,748,0,0,37.5,0,15.385
175,218,1109,731,0,0,75,0,19.975
175,223,1073,707,0,0,125,0,22.95
175,230,1033,681,0,0,175,0,23.63
175,238,991,654,0,0,225,0,23.12
175,248,948,624,0,0,275,0,21.335
210,219,1106,729,0,0,45,0,20.06
210,224,1072,707,0,0,90,0,25.5
210,231,1027,677,0,0,150,0,28.9
210,240,979,645,0,0,210,0,29.665
210,251,927,611,0,0,270,0,29.325
210,261,877,578,0,0,330,0,27.03
245,225,1073,708,0,0,52.5,0,24.65
245,230,1036,683,0,0,105,0,30.685
245,239,982,647,0,0,175,0,35.19
245,250,924,609,0,0,245,0,35.955
245,263,864,569,0,0,315,0,35.275
245,279,799,526,0,0,385,0,31.875
280,231,1041,686,0,0,60,0,28.645
280,236,999,659,0,0,120,0,35.53
280,247,936,617,0,0,200,0,40.375
280,263,866,570,0,0,280,0,41.14
280,278,796,525,0,0,360,0,39.95
280,295,723,477,0,0,440,0,36.295
300,140,1135,644,200,0,0,7.5,55.42
300,140,1140,647,125,0,75,10,68.51
288,190.8,1108,673.5,0,0,72,0,31.5435
252,183.6,1108,673.5,0,0,108,0,31.0845
216,183.6,1108,673.5,0,0,144,0,29.1635
320,160,1285,500,0,0,137,3.84,58.5
274,160,1285,500,0,0,183,3.29,58
229,160,1285,500,0,0,228,2.75,54
262.87,197.1,1139.1,657.19,0,46.81,159.32,0,27.56
219.06,197.1,1139.1,657.19,0,46.58,199.15,0,28.8
175.25,197.1,1139.1,657.19,0,46.14,238.99,0,26.1
513,174.42,817.56,828.36,0,27,0,5.4,48.875
486,165.24,817.56,828.36,0,54,0,4.86,55.25
459,156.06,817.56,828.36,0,81,0,4.32,44.71
513,174.42,817.56,828.36,0,0,27,4.32,49.3
486,165.24,817.56,828.36,0,0,54,4.32,53.125
459,156.06,817.56,828.36,0,0,81,4.32,51
400,150,1147,703,100,0,0,7.5,67.405
400,150,1147,703,0,0,100,7.5,67.915
400,150,1147,703,50,0,50,7.5,68.595
467,150,1147,703,0,33,0,7.5,69.02
442,288.96,678,984,78,0,0,4.16,33.745
431.6,288.96,678,984,78,10.4,0,4.16,29.75
421.2,288.96,678,984,78,20.8,0,4.16,34.085
410.8,288.96,678,984,78,31.2,0,4.16,31.705
390,288.96,678,984,78,0,52,4.16,32.47
338,288.96,678,984,78,0,104,4.16,30.6
286,288.96,678,984,78,0,156,4.16,35.87
312,195,1200,710,0,0,71,0,29.75
234,195,1200,710,0,0,142,0,28.6875
156,195,1200,710,0,0,212,0,24.65
312,203,1174,710,0,0,71,0,28.9
234,203,1174,710,0,0,142,0,27.625
156,203,1174,710,0,0,212,0,24.225
312,207,1148,710,0,0,71,0,27.625
234,207,1148,710,0,0,142,0,27.54
156,207,1148,710,0,0,212,0,23.8
312,215,1096,710,0,0,71,0,23.545
234,215,1096,710,0,0,142,0,22.525
156,215,1096,710,0,0,212,0,20.4
273,168,1150,692,0,0,147,2.9,67.91
273,168,1150,688,0,0,147,2.9,62.34
360,203,1040,482,0,0,90,4.95,28.7
270,203,1040,482,0,0,180,4.95,26.5
180,203,1040,482,0,0,270,4.95,25
435,154,1098,772,0,43.5,0,4.31,44.03
435,154,1098,772,0,65.2,0,4.31,44.625
435,154,1098,772,0,87,0,4.31,45.645
435,154,1098,772,0,0,43.5,4.31,40.205
435,154,1098,772,0,0,87,4.31,41.565
435,154,1098,772,0,0,174,4.31,42.415
324,180,1160,681,0,0,36,0,29.75
360,157.5,1105.5,737,0,0,90,2.6,48.7
315,157.5,1105.5,737,0,0,135,2.5,50
270,157.5,1105.5,737,0,0,180,3,26.4
427.5,157.5,1105.5,737,0,22.5,0,3.2,54
405,157.5,1105.5,737,0,45,0,3.3,58.6
427.5,112.5,1432.8,445.73,0,22.5,0,18,91.16
405,112.5,1427.87,444.19,0,45,0,15.75,96.29
382.5,112.5,1422.93,442.66,0,67.5,0,15.75,103.95
360,112.5,1417.99,441.12,0,90,0,13.5,98.46
337.5,112.5,1413.05,439.59,0,112.5,0,13.5,84.88
427.5,126,1125,675,0,22.5,0,14,89.845
405,126,1125,675,0,45,0,14,96.815
382.5,126,1125,675,0,67.5,0,14,99.875
405,126,1125,675,45,0,0,14,72.845
360,126,1125,675,90,0,0,14,71.655
315,126,1125,675,135,0,0,14,69.785
360,126,1125,675,0,0,90,14,81.005
270,126,1125,675,0,0,180,14,74.46
180,126,1125,675,0,0,270,14,73.695
180,135,895,895,270,0,0,1,67.19
180,135,895,895,225,45,0,1.429,62.85
135,135,895,895,135,45,135,1.571,66.69
135,135,895,895,0,0,315,1.286,78.09
135,135,895,895,0,45,270,2.429,82.47
180,135,895,895,270,0,0,1.143,46.34
180,135,895,895,225,45,0,2.929,60.25
135,135,895,895,135,45,135,2.571,76.75
180,135,875,875,225,45,0,1.286,56.56
135,135,875,875,135,45,135,1.286,59.33
135,135,875,875,0,0,315,1,66.85
135,135,875,875,0,45,270,1.857,66.96
180,135,875,875,225,45,0,2.357,50.64
135,135,875,875,135,45,135,2.714,65.64
427.4,214,1212,520,23.8,0,23.8,0,40.375
380,214,1212,520,47.5,0,47.5,0,39.984
332.4,214,1212,520,71.3,0,71.3,0,36.465
427.4,214,1212,520,23.8,23.8,0,0,36.856
427.4,214,1212,520,0,23.8,23.8,0,42.7465
332.4,214,1212,520,71.3,23.8,47.5,0,35.751
332.4,214,1212,520,47.5,23.8,71.3,0,41.3865
380,214,1212,520,47.5,47.5,0,0,36.3885
332.4,214,1212,520,71.3,47.5,23.8,0,34.8075
380,214,1212,520,0,47.5,47.5,0,43.6135
332.4,214,1212,520,23.8,47.5,71.3,0,45.5855
332.4,214,1212,520,71.3,71.3,0,0,33.626
332.4,214,1212,520,47.5,71.3,23.8,0,36.312
332.4,214,1212,520,23.8,71.3,47.5,0,42.6955
332.4,214,1212,520,0,71.3,71.3,0,39.491
300,160,1137,741,0,0,100,0,41.65
300,160,1246,741,0,0,100,0,43.775
300,160,1356,741,0,0,100,0,44.625
495,137.5,856.9,856.9,55,0,0,23.4,61.03
440,137.5,848.8,848.8,110,0,0,22.3,55.25
385,137.5,840.2,840.2,165,0,0,21.7,51
330,137.5,831.8,831.8,220,0,0,20.9,46.75
275,137.5,824,824,275,0,0,19.5,44.2
220,137.5,815.7,815.7,330,0,0,18.7,38.25
495,137.5,840.3,840.3,0,0,55,23.1,68
440,137.5,815.4,815.4,0,0,110,22,69.445
385,137.5,790.2,790.2,0,0,165,21.2,70.125
330,137.5,765.3,765.3,0,0,220,20.1,71.91
275,137.5,740.3,740.3,0,0,275,19,65.875
220,137.5,715.1,715.1,0,0,330,18.2,59.5
495,137.5,849,849,27.5,0,27.5,22.8,68.51
440,137.5,832.9,832.9,55,0,55,21.5,71.23
385,137.5,816.1,816.1,82.5,0,82.5,20.6,72.42
330,137.5,799.6,799.6,110,0,110,19.5,68
275,137.5,783.1,783.1,137.5,0,137.5,18.4,62.9
220,137.5,766,766,165,0,165,17.9,55.25
181.44,197,1014.85,797.38,0,7.8,0,0,27.455
178.56,197,1011.93,795.09,0,9.75,0,0,29.0275
174.24,197,1010.55,794,0,11.7,0,0,25.5
148.32,197,1015.77,798.1,0,0,45.6,0,25.415
138.24,197,1014.85,797.38,0,0,54.72,0,27.71
128.16,197,1013.93,796.66,0,0,63.84,0,23.8
243,116.64,1009,1127,0,0,243,14.55,61.2
243,130.95,981,1095,0,58,184,14.55,66.3
243,116.64,1009,1127,0,0,243,14.55,66.3
243,130.95,981,1095,0,58,184,14.55,70.125
243,126.36,996,1112,0,0,243,14.55,55.25
243,135.8,974,1087,0,58,184,14.55,61.2